username,first_name,last_name,email,section,github_id,role
JessieRoeder,,,,,36315040,teacher
tapomita,Tapomita,Dabi,tapomitad@nycstudents.net,,329106742,student
WalkemdownJ10,Jayden,Deonarain,jaydend543@nycstudents.net,,329996356,student
t0ny5tarkDA1,Sebastian,Dobrotinic,sebastiand78@nycstudents.net,,329546362,student
valliee-uh,Tyron,Gamble,tyrong5@nycstudents.net,,329543660,student
emory19h,Emory,Hardaway,emoryh3@nycstudents.net,,329549122,student
Michaelk1220,Michael,Krasowsky,michaelk394@nycstudents.net,,329995045,student
JUstinl667,Justin,Leggio,justinl667@nycstudents.net,,329546357,student
abraarhaha7,Abraar,Mahdi,abraarm@nycstudents.net,,332492925,student
,Dylan,Estrella,dylane76@nycstudents.net,,,student
,Shivraj,Khamai,shivrajk@nycstudents.net,,,student
,Jabari,Beckford Cato,jabarib27@nycstudents.net,,,student
,Zubaida,Rahman,zubaidar@nycstudents.net,,,student
,Dennis,Munoz,dennism89@nycstudents.net,,,student
,Kcavaughn,Brown-Jacques,kcavaughnb@nycstudents.net,,,student
,Andrew,Chow,andrewc742@nycstudents.net,,,student
,David,Manoharlall,davidm999@nycstudents.net,,,student
,Aron,Seebaran,arons176@nycstudents.net,,,student
,Gregory,Robinson,gregoryr87@nycstudents.net,,,student
,Keshawn,Saint Surin,keshawns2789@nycstudents.net,,,student
,Vishal,Simon,vishals21@nycstudents.net,,,student
,Gurnoor,Singh,gurnoors5@nycstudents.net,,,student
